{
  "project_info": {
    "project_number": "802390162146",
    "project_id": "dtxtodoapp",
    "storage_bucket": "dtxtodoapp.appspot.com"
  },
  "client": [
    {
      "client_info": {
        "mobilesdk_app_id": "1:802390162146:android:668099fe778ccabb24fcbb",
        "android_client_info": {
          "package_name": "com.maurya.dtxtodoapp"
        }
      },
      "oauth_client": [],
      "api_key": [
        {
          "current_key": "AIzaSyDq1cx0K74xXwsezqNtJZFZqjon6ozgszo"
        }
      ],
      "services": {
        "appinvite_service": {
          "other_platform_oauth_client": []
        }
      }
    }
  ],
  "configuration_version": "1"
}